t_seconds,phase,market,orders,bank,funds,cell_a,cell_b,orders_acked_total
0,before,200,200,200,200,NORMAL,NORMAL,8
6,before,200,200,200,200,NORMAL,NORMAL,21
12,before,200,200,200,200,NORMAL,NORMAL,36
18,before,200,200,200,200,NORMAL,NORMAL,48
25,before,200,200,200,200,NORMAL,NORMAL,63
31,before,200,200,200,200,NORMAL,NORMAL,77
37,before,200,200,200,200,NORMAL,NORMAL,92
43,before,200,200,200,200,NORMAL,NORMAL,108
49,before,200,200,200,200,NORMAL,NORMAL,124
56,before,200,200,200,200,NORMAL,NORMAL,140
62,before,200,200,200,200,NORMAL,NORMAL,154
68,before,200,200,200,200,NORMAL,NORMAL,170
74,before,200,200,200,200,NORMAL,NORMAL,184
82,before,200,200,200,200,NORMAL,NORMAL,198
88,before,200,200,200,200,NORMAL,NORMAL,213
95,before,200,200,200,200,NORMAL,NORMAL,226
102,before,200,200,200,200,NORMAL,NORMAL,241
108,before,200,200,200,200,NORMAL,NORMAL,257
115,before,200,200,200,200,NORMAL,NORMAL,274
123,+2s,503,503,200,503,NORMAL,NORMAL/sick,282
136,+15s,503,503,200,503,NORMAL,NORMAL/sick,282
146,+26s,503,503,200,503,NORMAL,NORMAL/sick,282
158,+37s,503,503,200,503,NORMAL,NORMAL/sick,282
174,+53s,503,503,200,503,NORMAL,NORMAL/sick,282
185,+64s,503,503,200,503,NORMAL,NORMAL/sick,282
198,+78s,503,503,200,503,NORMAL,NORMAL/sick,282
215,+95s,503,503,200,503,NORMAL,NORMAL/sick,282
226,+105s,503,503,200,503,NORMAL,NORMAL/sick,282
238,+117s,503,503,200,503,NORMAL,NORMAL/sick,282
248,+127s,503,503,200,503,NORMAL,NORMAL/sick,282
265,+144s,503,503,200,503,NORMAL,NORMAL/sick,282
273,+153s,503,503,200,503,NORMAL,NORMAL/sick,282
286,+166s,503,503,200,503,NORMAL,NORMAL/sick,282
300,+179s,503,503,200,503,NORMAL,NORMAL/sick,282
306,+186s,503,503,200,503,NORMAL,NORMAL/sick,282
318,+198s,503,503,200,503,NORMAL,NORMAL/sick,282
327,+206s,503,503,200,503,NORMAL,NORMAL/sick,282
340,+219s,503,503,200,503,NORMAL,NORMAL/sick,282
347,+227s,503,503,200,503,NORMAL,NORMAL/sick,282
358,+237s,503,503,200,503,NORMAL,NORMAL/sick,282
371,+251s,503,503,200,503,NORMAL,NORMAL/sick,282
391,+270s,503,503,200,503,NORMAL,NORMAL/sick,282
405,+285s,503,503,200,503,NORMAL,NORMAL/sick,282
418,+297s,503,503,200,503,NORMAL,NORMAL/sick,282
428,+307s,503,503,200,503,NORMAL,NORMAL/sick,282
442,+322s,503,503,200,503,NORMAL,FENCED/sick,282
451,+331s,503,503,200,503,NORMAL,FENCED/sick,282
457,+337s,503,503,200,503,NORMAL,FENCED/sick,282
465,+344s,503,503,200,503,NORMAL,FENCED/sick,282
471,+351s,503,503,200,503,NORMAL,FENCED/sick,282
478,+357s,503,503,200,503,NORMAL,FENCED/sick,282
486,+365s,503,503,200,503,NORMAL,FENCED/sick,282
492,+371s,503,503,200,503,NORMAL,FENCED/sick,282
498,+378s,503,503,200,503,NORMAL,FENCED/sick,282
505,+384s,503,503,200,503,NORMAL,FENCED/sick,282
512,+392s,503,503,200,503,NORMAL,FENCED/sick,282
519,+398s,503,503,200,503,NORMAL,FENCED/sick,282
525,+405s,503,503,200,503,NORMAL,FENCED/sick,282
533,+412s,503,503,200,503,NORMAL,FENCED/sick,282
539,+418s,503,503,200,503,NORMAL,FENCED/sick,282
545,+425s,503,503,200,503,NORMAL,FENCED/sick,282
551,+431s,503,503,200,503,NORMAL,FENCED/sick,282
558,+437s,503,503,200,503,NORMAL,FENCED/sick,282
564,+444s,503,503,200,503,NORMAL,FENCED/sick,282
571,+450s,503,503,200,503,NORMAL,FENCED/sick,282
577,+457s,503,503,200,503,NORMAL,FENCED/sick,282
584,+464s,503,503,200,503,NORMAL,FENCED/sick,282
590,+470s,503,503,200,503,NORMAL,FENCED/sick,282
598,+477s,503,503,200,503,NORMAL,FENCED/sick,282
604,+483s,503,503,200,503,NORMAL,FENCED/sick,282
611,+490s,503,503,200,503,NORMAL,FENCED/sick,282
617,+497s,503,503,200,503,NORMAL,FENCED/sick,282
624,+504s,503,503,200,503,NORMAL,FENCED/sick,282
631,+510s,503,503,200,503,NORMAL,FENCED/sick,282
640,+519s,503,503,200,503,NORMAL,FENCED/sick,282
646,+526s,503,503,200,503,NORMAL,FENCED/sick,282
653,+532s,503,503,200,503,NORMAL,FENCED/sick,282
659,+539s,503,503,200,503,NORMAL,FENCED/sick,282
665,+545s,503,503,200,503,NORMAL,FENCED/sick,282
671,+551s,503,503,200,503,NORMAL,FENCED/sick,282
678,+557s,503,503,200,503,NORMAL,FENCED/sick,282
684,+563s,503,503,200,503,NORMAL,FENCED/sick,282
691,+570s,503,503,200,503,NORMAL,FENCED/sick,282
697,+577s,503,503,200,503,NORMAL,FENCED/sick,282
704,+584s,503,503,200,503,NORMAL,FENCED/sick,282
710,+590s,503,503,200,503,NORMAL,FENCED/sick,282
718,+598s,503,503,200,503,NORMAL,FENCED/sick,282
725,+604s,503,503,200,503,NORMAL,FENCED/sick,282
733,+612s,503,503,200,503,NORMAL,FENCED/sick,282
739,+618s,503,503,200,503,NORMAL,FENCED/sick,282
745,+624s,503,503,200,503,NORMAL,FENCED/sick,282
751,+630s,503,503,200,503,NORMAL,FENCED/sick,282
757,+637s,503,503,200,503,NORMAL,FENCED/sick,282
764,+643s,503,503,200,503,NORMAL,FENCED/sick,282
771,+650s,503,503,200,503,NORMAL,FENCED/sick,282
777,+656s,503,503,200,503,NORMAL,FENCED/sick,282
784,+663s,503,503,200,503,NORMAL,FENCED/sick,282
790,+670s,503,503,200,503,NORMAL,FENCED/sick,282
797,+677s,503,503,200,503,NORMAL,FENCED/sick,282
803,+683s,503,503,200,503,NORMAL,FENCED/sick,282
811,+690s,503,503,200,503,NORMAL,FENCED/sick,282
817,+696s,503,503,200,503,NORMAL,FENCED/sick,282
824,+703s,503,503,200,503,NORMAL,FENCED/sick,282
830,+710s,503,503,200,503,NORMAL,FENCED/sick,282
838,+717s,503,503,200,503,NORMAL,FENCED/sick,282
844,+723s,503,503,200,503,NORMAL,FENCED/sick,282
851,+730s,503,503,200,503,NORMAL,FENCED/sick,282
857,+736s,503,503,200,503,NORMAL,FENCED/sick,282
864,+743s,503,503,200,503,NORMAL,FENCED/sick,282
870,+749s,503,503,200,503,NORMAL,FENCED/sick,282
877,+756s,503,503,200,503,NORMAL,FENCED/sick,282
883,+763s,503,503,200,503,NORMAL,FENCED/sick,282
890,+770s,503,503,200,503,NORMAL,FENCED/sick,282
897,+776s,503,503,200,503,NORMAL,FENCED/sick,282
903,+783s,503,503,200,503,NORMAL,FENCED/sick,282
909,+789s,503,503,200,503,NORMAL,FENCED/sick,282
917,+796s,503,401,401,401,NORMAL,FENCED/sick,282
923,+803s,503,401,401,401,NORMAL,FENCED/sick,282
930,+810s,503,401,401,401,NORMAL,FENCED/sick,282
937,+816s,200,401,401,401,HOLDING,FENCED/sick,285
943,+822s,200,401,401,401,HOLDING,FENCED/sick,289
948,+828s,200,401,401,401,HOLDING,TAKEN_OVER/sick,291
954,+834s,200,401,401,401,HOLDING,TAKEN_OVER/sick,293
960,+839s,200,401,401,401,HOLDING,TAKEN_OVER/sick,294
966,+845s,200,401,401,401,HOLDING,TAKEN_OVER/sick,294
972,+851s,200,401,401,401,HOLDING,TAKEN_OVER/sick,294
978,+857s,200,401,401,401,HOLDING,TAKEN_OVER/sick,294
983,+863s,200,401,401,401,HOLDING,TAKEN_OVER/sick,294
989,+868s,200,401,401,401,HOLDING,TAKEN_OVER/sick,294
995,+874s,200,401,401,401,HOLDING,TAKEN_OVER/sick,294
1001,+880s,200,401,401,401,HOLDING,TAKEN_OVER/sick,294
1006,+886s,200,401,401,401,HOLDING,TAKEN_OVER/sick,294
1013,+893s,200,401,401,401,HOLDING,TAKEN_OVER/sick,294
1019,+898s,200,401,401,401,HOLDING,TAKEN_OVER/sick,294
1025,+904s,200,401,401,401,HOLDING,TAKEN_OVER/sick,294
